101,Arjun Sharma,Male,3,2,1,2021-03-29,Active
102,Kiran Rao,Male,4,4,2,2023-01-02,Inactive
103,Kiran Nair,Male,1,2,2,2021-06-19,Active
104,Rohan Kumar,Male,2,4,3,2023-11-12,Inactive
105,Manoj Rao,Male,2,5,2,2019-10-27,Inactive
106,Neha Gupta,Female,4,4,3,2015-10-30,Active
107,Priya Sharma,Female,1,4,1,2019-04-23,Inactive
108,Rohan Gupta,Male,3,2,1,2022-11-28,Active
109,Divya Rao,Female,3,5,1,2015-11-10,Inactive
110,Divya Reddy,Female,2,3,3,2019-06-24,Active
111,Rahul Gupta,Male,4,1,2,2024-02-02,Active
112,Kavya Iyer,Female,1,5,3,2016-05-13,Inactive
113,Deepak Iyer,Male,5,1,2,2016-01-27,Inactive
114,Amit Singh,Male,1,4,3,2020-06-07,Active
115,Arjun Iyer,Male,2,4,3,2023-06-24,Inactive
116,Swathi Rao,Female,5,4,3,2017-05-11,Active
117,Kavya Sharma,Female,3,3,3,2016-04-05,Active
118,Suresh Singh,Male,4,5,1,2020-10-06,Inactive
119,Kavya Sharma,Female,2,4,2,2015-08-04,Active
120,Arjun Gupta,Male,3,1,3,2017-03-10,Inactive
121,Rahul Reddy,Male,3,2,2,2019-03-13,Inactive
122,Neha Singh,Female,2,4,3,2025-10-15,Inactive
123,Kavya Reddy,Female,1,1,2,2019-07-22,Inactive
124,Swathi Singh,Female,4,5,3,2016-09-06,Inactive
125,Swathi Sharma,Female,1,2,2,2017-07-05,Active
126,Deepak Sharma,Male,1,3,2,2023-12-13,Inactive
127,Rohan Reddy,Male,1,1,1,2020-01-23,Inactive
128,Neha Kumar,Female,2,2,1,2022-09-10,Active
129,Vikram Verma,Male,3,1,1,2025-11-30,Inactive
130,Pooja Iyer,Female,4,5,3,2016-05-10,Active
131,Rohan Reddy,Male,3,4,3,2020-02-07,Active
132,Naveen Sharma,Male,2,5,2,2019-10-10,Inactive
133,Pooja Nair,Female,5,4,1,2017-10-13,Inactive
134,Naveen Rao,Male,5,4,3,2023-08-23,Active
135,Neha Sharma,Female,1,5,2,2020-07-04,Active
136,Sneha Gupta,Female,4,5,1,2022-09-16,Inactive
137,Neha Reddy,Female,3,3,3,2021-07-07,Active
138,Kavya Gupta,Female,1,2,1,2018-11-19,Active
139,Meera Reddy,Female,1,2,2,2024-07-04,Inactive
140,Divya Sharma,Female,2,5,2,2023-07-14,Active
141,Swathi Nair,Female,3,4,1,2020-03-28,Inactive
142,Pooja Rao,Female,1,1,2,2023-02-23,Inactive
143,Meera Patel,Female,5,4,2,2017-11-02,Inactive
144,Rahul Singh,Male,5,2,3,2015-10-27,Active
145,Pooja Gupta,Female,2,5,3,2020-09-13,Active
146,Deepak Verma,Male,4,4,2,2016-12-09,Inactive
147,Rahul Rao,Male,1,4,1,2024-12-09,Inactive
148,Vikram Nair,Male,2,2,3,2022-12-10,Active
149,Pooja Singh,Female,3,2,3,2020-02-04,Active
150,Deepak Singh,Male,4,3,2,2020-06-04,Active
151,Rahul Reddy,Male,4,5,1,2023-05-29,Active
152,Swathi Rao,Female,1,5,1,2020-04-21,Inactive
153,Amit Kumar,Male,3,2,2,2019-01-02,Active
154,Meera Kumar,Female,2,5,2,2017-08-15,Inactive
155,Anita Reddy,Female,4,4,3,2021-09-20,Inactive
156,Swathi Gupta,Female,5,5,2,2022-04-21,Inactive
157,Meera Verma,Female,4,2,1,2016-12-28,Inactive
158,Kavya Reddy,Female,5,5,2,2023-02-05,Active
159,Kiran Patel,Male,3,3,3,2015-05-23,Active
160,Suresh Singh,Male,2,1,3,2021-08-15,Active
161,Manoj Patel,Male,5,4,2,2015-01-09,Inactive
162,Manoj Rao,Male,3,3,1,2018-09-14,Inactive
163,Suresh Singh,Male,2,2,3,2017-05-12,Inactive
164,Rahul Singh,Male,5,1,2,2021-04-23,Active
165,Manoj Gupta,Male,4,5,1,2024-06-11,Inactive
166,Naveen Gupta,Male,3,2,3,2022-02-22,Inactive
167,Pooja Nair,Female,4,5,2,2019-07-08,Active
168,Suresh Iyer,Male,4,4,3,2020-05-18,Active
169,Rahul Gupta,Male,3,1,1,2017-12-21,Active
170,Neha Singh,Female,5,1,2,2017-09-28,Inactive
171,Sneha Kumar,Female,1,1,1,2017-10-06,Active
172,Anita Singh,Female,4,3,2,2022-02-09,Inactive
173,Swathi Rao,Female,3,2,3,2017-12-25,Active
174,Deepak Rao,Male,3,1,2,2021-09-07,Active
175,Meera Nair,Female,5,5,3,2025-03-17,Inactive
176,Kiran Sharma,Male,2,5,2,2024-10-01,Inactive
177,Anita Singh,Female,5,2,3,2025-06-10,Inactive
178,Anita Patel,Female,1,5,2,2025-04-10,Inactive
179,Sneha Singh,Female,5,3,2,2023-01-05,Inactive
180,Neha Rao,Female,5,2,2,2015-05-18,Active
181,Rahul Iyer,Male,4,5,1,2024-04-27,Active
182,Rahul Iyer,Male,1,1,3,2016-01-15,Active
183,Kiran Reddy,Male,5,4,3,2016-07-30,Active
184,Pooja Iyer,Female,2,5,3,2024-09-30,Active
185,Deepak Singh,Male,1,3,1,2025-10-18,Inactive
186,Divya Sharma,Female,5,2,1,2017-10-19,Inactive
187,Neha Nair,Female,5,3,1,2023-09-20,Inactive
188,Kiran Iyer,Male,3,2,2,2017-09-14,Inactive
189,Amit Nair,Male,3,3,3,2017-03-12,Active
190,Kavya Iyer,Female,2,4,1,2015-11-01,Inactive
191,Kavya Nair,Female,4,5,3,2015-06-01,Active
192,Divya Rao,Female,2,3,1,2019-04-29,Active
193,Priya Patel,Female,4,1,2,2021-05-18,Inactive
194,Amit Kumar,Male,3,4,2,2020-06-19,Inactive
195,Swathi Rao,Female,3,4,2,2025-10-28,Inactive
196,Rohan Patel,Male,5,5,1,2017-01-27,Inactive
197,Naveen Gupta,Male,5,1,1,2018-06-05,Active
198,Meera Rao,Female,3,3,3,2024-06-24,Active
199,Rohan Rao,Male,4,5,1,2020-05-13,Inactive
200,Divya Iyer,Female,2,5,1,2022-09-22,Inactive
